瘤痢,斥档,酒鳖矫唱公,酒鳖矫唱公,酒鳖矫唱公,酒鳖矫唱公,酒鳖矫唱公,酒鳖矫唱公
,,惯酒,惯酒(乞厚),俺拳,俺拳(乞厚),父惯,父惯(乞厚)
合碍釜,2016,2016-04-15,-8老,2016-05-06,-5老,2016-05-09,-6老
合碍釜,2017,2017-04-12,-11老,2017-05-05,-6老,2017-05-07,-8老
合碍釜,2018,2018-04-16,-7老,2018-05-01,-10老,2018-05-04,-11老
合碍釜,2019,2019-05-08,15老,2019-05-12,1老,2019-05-15,0老
合碍釜,2020,2020-04-29,6老,2020-05-10,-1老,2020-05-14,-1老
合碍釜,2021,2021-04-14,-9老,2021-05-06,-5老,2021-05-08,-7老
合碍釜,2022,2022-04-11,-12老,2022-04-28,-13老,2022-05-01,-14老
合碍釜,2023,2023-04-20,-3老,2023-05-01,-10老,2023-05-05,-10老
合碍釜,2024,2024-04-16,-7老,2024-05-02,-9老,2024-05-04,-11老
合碍釜,2025,2025-04-17,-6老,2025-05-06,-5老,2025-05-12,-3老
合冕玫,2017,2017-05-04,8老,2017-05-08,-6老,2017-05-12, 
合冕玫,2018,2018-04-26,0老,2018-05-05,-9老,2018-05-10, 
合冕玫,2019,2019-04-27,1老,2019-05-15,1老,2019-05-21, 
合冕玫,2020,2020-05-01,5老,2020-05-12,-2老,2020-05-18, 
合冕玫,2021,2021-05-08,12老,2021-05-12,-2老,2021-05-14, 
合冕玫,2022,2022-05-10,14老,2022-05-12,-2老,2022-05-16, 
合冕玫,2023,2023-05-10,14老,2023-05-11,-3老,2023-05-13, 
合冕玫,2024,2024-05-03,7老,2024-05-07,-7老,2024-05-08, 
合冕玫,2025,2025-05-09,13老,2025-05-16,2老,2025-05-22, 
冕玫,2016,2016-04-15, ,2016-05-08, , , 
荐盔,2016,2016-04-15,-4老,2016-05-06,-7老,2016-05-09,-6老
荐盔,2017,2017-04-18,-1老,2017-05-06,-7老,2017-05-10,-5老
荐盔,2018,2018-04-07,-12老,2018-05-08,-5老,2018-05-11,-4老
荐盔,2019,2019-04-20,1老,2019-05-13,0老,2019-05-16,1老
荐盔,2020,2020-04-14,-5老,2020-05-11,-2老,2020-05-16,1老
荐盔,2021,2021-04-09,-10老,2021-05-04,-9老,2021-05-09,-6老
荐盔,2022,2022-04-15,-4老,2022-05-05,-8老,2022-05-11,-4老
荐盔,2023,2023-04-04,-15老,2023-05-03,-10老,2023-05-07,-8老
荐盔,2024,2024-04-08,-11老,2024-04-30,-13老,2024-05-03,-12老
荐盔,2025,2025-04-16,-3老,2025-05-12,-1老,2025-05-17,2老
芒盔,2016,2016-04-11,4老,2016-05-01,-3老,2016-05-20,8老
芒盔,2017,2017-04-11,4老,2017-05-01,-3老,2017-05-15,3老
芒盔,2018,2018-04-05,-2老,2018-04-29,-5老,2018-05-02,-10老
芒盔,2019,2019-04-04,-3老,2019-05-02,-2老,2019-05-08,-4老
芒盔,2020,2020-04-03,-4老,2020-05-04,0老,2020-05-06,-6老
芒盔,2021,2021-04-03,-4老,2021-04-26,-8老,2021-05-02,-10老
芒盔,2022,2022-04-04,-3老,2022-04-27,-7老,2022-05-02,-10老
芒盔,2023,2023-04-02,-5老,2023-04-26,-8老,2023-04-30,-12老
芒盔,2024,2024-04-01,-6老,2024-04-28,-6老,2024-05-01,-11老
芒盔,2025,2025-04-03,-4老,2025-05-01,-3老,2025-05-04,-8老
救悼,2016,2016-04-15,-1老,2016-05-07,0老,2016-05-12,-1老
救悼,2017,2017-04-12,-4老,2017-05-01,-6老,2017-05-08,-5老
救悼,2018,2018-04-13,-3老,2018-05-01,-6老,2018-05-05,-8老
救悼,2019,2019-04-28,12老,2019-05-01,-6老,2019-05-08,-5老
救悼,2020,2020-04-20,4老,2020-05-02,-5老,2020-05-05,-8老
救悼,2021,2021-04-14,-2老,2021-05-07,0老,2021-05-10,-3老
救悼,2022,2022-04-14,-2老,2022-05-04,-3老,2022-05-07,-6老
救悼,2023,2023-04-10,-6老,2023-04-28,-9老,2023-05-02,-11老
救悼,2024,2024-04-11,-5老,2024-04-27,-10老,2024-05-01,-12老
救悼,2025,2025-04-18,2老,2025-05-06,-1老,2025-05-08,-5老
匡釜档,2016,2016-04-26,-2老,2016-05-13,-4老,2016-05-17, 
匡釜档,2017,2017-04-23,-5老,2017-05-08,-9老,2017-05-12, 
匡釜档,2018,2018-04-20,-8老,2018-05-06,-11老,2018-05-10, 
匡釜档,2019,2019-04-20,-8老,2019-05-13,-4老,2019-05-17, 
匡釜档,2020,2020-04-18,-10老,2020-05-15,-2老,2020-05-21, 
匡釜档,2021,2021-04-14,-14老,2021-05-14,-3老,2021-05-17, 
匡釜档,2022,2022-04-16,-12老,2022-05-12,-5老,2022-05-16, 
匡釜档,2023,2023-04-10,-18老,2023-05-11,-6老,2023-05-16, 
匡釜档,2024,2024-04-17,-11老,2024-05-12,-5老,2024-05-16, 
匡釜档,2025,2025-05-06,8老,2025-05-17,0老,2025-05-19, 
器亲,2016,2016-04-07,-6老,2016-05-02,-3老,2016-05-08,-1老
器亲,2017,2017-04-05,-8老,2017-05-01,-4老,2017-05-07,-2老
器亲,2018,2018-04-07,-6老,2018-05-01,-4老,2018-05-06,-3老
器亲,2019,2019-04-06,-7老,2019-04-21,-14老,2019-05-01,-8老
器亲,2020,2020-04-04,-9老,2020-04-28,-7老,2020-05-12,3老
器亲,2021,2021-03-29,-15老,2021-04-25,-10老,2021-05-02,-7老
器亲,2022,2022-04-07,-6老,2022-04-25,-10老,2022-05-01,-8老
器亲,2023,2023-03-27,-17老,2023-04-24,-11老,2023-04-28,-11老
器亲,2024,2024-04-06,-7老,2024-04-26,-9老,2024-04-30,-9老
器亲,2025,2025-04-02,-11老,2025-04-22,-13老,2025-04-30,-9老
堡林,2016,2016-03-25,-12老,2016-04-22,-11老,2016-04-29,-8老
堡林,2017,2017-03-30,-7老,2017-04-28,-5老,2017-05-04,-3老
堡林,2018,2018-03-28,-9老,2018-04-27,-6老,2018-04-30,-7老
堡林,2019,2019-03-29,-8老,2019-04-26,-7老,2019-04-29,-8老
堡林,2020,2020-03-28,-9老,2020-05-04,1老,2020-05-07,0老
堡林,2021,2021-04-01,-5老,2021-04-25,-8老,2021-05-01,-6老
堡林,2022,2022-04-06,0老,2022-04-24,-9老,2022-04-27,-10老
堡林,2023,2023-03-28,-9老,2023-04-22,-11老,2023-04-30,-7老
堡林,2024,2024-04-09,3老,2024-04-23,-10老,2024-04-27,-10老
堡林,2025,2025-04-16,10老,2025-04-28,-5老,2025-05-01,-6老
措备,2016,2016-04-01,-5老,2016-04-20,-13老,2016-04-28,-10老
措备,2017,2017-04-03,-3老,2017-04-28,-5老,2017-05-01,-7老
措备,2018,2018-03-31,-6老,2018-04-27,-6老,2018-04-30,-8老
措备,2019,2019-04-28,22老,2019-04-30,-3老,2019-05-04,-4老
措备,2020,2020-03-25,-12老,2020-04-30,-3老,2020-05-04,-4老
措备,2021,2021-03-31,-6老,2021-04-25,-8老,2021-05-01,-7老
措备,2022,2022-04-06,0老,2022-04-26,-7老,2022-04-29,-9老
措备,2023,2023-03-28,-9老,2023-04-20,-13老,2023-04-24,-14老
措备,2024,2024-04-08,2老,2024-04-27,-6老,2024-05-02,-6老
措备,2025,2025-04-07,1老,2025-04-25,-8老,2025-04-30,-8老
措傈,2016,2016-04-05,-9老,2016-05-02,-5老,2016-05-07,-5老
措傈,2017,2017-04-13,-1老,2017-05-05,-2老,2017-05-11,-1老
措傈,2018,2018-04-03,-11老,2018-05-02,-5老,2018-05-05,-7老
措傈,2019,2019-04-17,3老,2019-05-10,3老,2019-05-16,4老
措傈,2020,2020-04-13,-1老,2020-05-06,-1老,2020-05-10,-2老
措傈,2021,2021-04-08,-6老,2021-04-28,-9老,2021-05-03,-9老
措傈,2022,2022-04-13,-1老,2022-05-05,-2老,2022-05-08,-4老
措傈,2023,2023-04-05,-9老,2023-04-26,-11老,2023-05-01,-11老
措傈,2024,2024-04-09,-5老,2024-04-27,-10老,2024-05-01,-11老
措傈,2025,2025-04-10,-4老,2025-05-01,-6老,2025-05-06,-6老
何魂,2016,2016-04-03,-3老,2016-05-01,-4老,2016-05-09, 
何魂,2017,2017-03-29,-8老,2017-05-03,-2老,2017-05-10, 
何魂,2018,2018-03-30,-7老,2018-05-01,-4老,2018-05-05, 
何魂,2019,2019-03-21,-16老,2019-05-03,-2老,2019-05-27, 
何魂,2020,2020-03-24,-13老,2020-05-04,-1老,2020-05-08, 
何魂,2021,2021-03-30,-7老,2021-04-24,-11老,2021-05-01, 
何魂,2022,2022-04-11,5老,2022-04-30,-5老,2022-05-03, 
何魂,2023,2023-04-02,-4老,2023-04-22,-13老,2023-04-30, 
何魂,2024,2024-04-06,0老,2024-04-28,-7老,2024-05-02, 
何魂,2025,2025-04-16,10老,2025-05-02,-3老,2025-05-05, 
辑匡,2016,2016-04-19,-1老,2016-05-04,-8老,2016-05-09,-6老
辑匡,2017,2017-04-15,-5老,2017-05-08,-4老,2017-05-11,-4老
辑匡,2018,2018-04-08,-12老,2018-05-09,-3老,2018-05-13,-2老
辑匡,2019,2019-04-15,-5老,2019-05-12,0老,2019-05-15,0老
辑匡,2020,2020-04-10,-10老,2020-05-08,-4老,2020-05-11,-4老
辑匡,2021,2021-04-09,-11老,2021-05-03,-9老,2021-05-07,-8老
辑匡,2022,2022-04-15,-5老,2022-05-04,-8老,2022-05-08,-7老
辑匡,2023,2023-04-04,-16老,2023-04-29,-13老,2023-05-06,-9老
辑匡,2024,2024-04-10,-10老,2024-04-28,-14老,2024-05-01,-14老
辑匡,2025,2025-04-19,-1老,2025-05-09,-3老,2025-05-14,-1老
匡魂,2016,2016-04-14,5老,2016-05-02,-5老,2016-05-09, 
匡魂,2017,2017-04-06,-3老,2017-05-01,-6老,2017-05-07, 
匡魂,2018,2018-04-09,0老,2018-04-27,-10老,2018-05-03, 
匡魂,2019,2019-04-01,-8老,2019-05-03,-4老,2019-05-07, 
匡魂,2020,2020-04-01,-8老,2020-05-04,-3老,2020-05-08, 
匡魂,2021,2021-04-01,-8老,2021-04-28,-9老,2021-05-03, 
匡魂,2022,2022-04-08,-1老,2022-04-28,-9老,2022-05-03, 
匡魂,2023,2023-04-12,3老,2023-04-27,-10老,2023-05-01, 
匡魂,2024,2024-04-05,-4老,2024-04-29,-8老,2024-05-02, 
匡魂,2025,2025-04-23,14老,2025-04-28,-9老,2025-05-03, 
归飞档,2016,2016-05-06,2老,2016-05-26,1老,2016-05-31, 
归飞档,2017,2017-05-01,-3老,2017-05-13,-12老,2017-05-22, 
归飞档,2018,2018-05-08,4老,2018-05-27,2老,2018-06-04, 
归飞档,2019,2019-05-10,6老,2019-05-19,-6老,2019-05-27, 
归飞档,2020,2020-05-23,19老,2020-06-05,11老,2020-06-12, 
归飞档,2021,2021-05-19,15老,2021-05-27,2老,2021-06-02, 
归飞档,2022,2022-04-28,-6老,2022-05-27,2老,2022-06-03, 
归飞档,2023,2023-04-18,-16老,2023-05-29,4老,2023-06-05, 
归飞档,2024,2024-04-22,-12老,2024-05-27,2老,2024-06-04, 
归飞档,2025,2025-04-29,-5老,2025-05-23,-2老,2025-06-05, 
牢玫,2016,2016-05-06,11老,2016-05-10,-5老,2016-05-13,-7老
牢玫,2017,2017-05-07,12老,2017-05-12,-3老,2017-05-17,-3老
牢玫,2018,2018-04-17,-8老,2018-05-11,-4老,2018-05-18,-2老
牢玫,2019,2019-04-19,-6老,2019-05-14,-1老,2019-05-21,1老
牢玫,2020,2020-04-17,-8老,2020-05-11,-4老,2020-05-18,-2老
牢玫,2021,2021-04-18,-7老,2021-05-10,-5老,2021-05-17,-3老
牢玫,2022,2022-04-18,-7老,2022-05-11,-4老,2022-05-16,-4老
牢玫,2023,2023-04-20,-5老,2023-05-08,-7老,2023-05-13,-7老
牢玫,2024,2024-04-11,-14老,2024-05-01,-14老,2024-05-08,-12老
牢玫,2025,2025-04-16,-9老,2025-05-16,1老,2025-05-20,0老
格器,2016,2016-04-08,-5老,2016-04-29,-8老,2016-05-07,-5老
格器,2017,2017-04-03,-10老,2017-04-29,-8老,2017-05-06,-6老
格器,2018,2018-04-09,-4老,2018-05-02,-5老,2018-05-10,-2老
格器,2019,2019-04-10,-3老,2019-05-04,-3老,2019-05-09,-3老
格器,2020,2020-04-14,1老,2020-05-06,-1老,2020-05-14,2老
格器,2021,2021-04-05,-8老,2021-04-29,-8老,2021-05-09,-3老
格器,2022,2022-04-12,-1老,2022-04-27,-10老,2022-05-03,-9老
格器,2023,2023-04-08,-5老,2023-04-30,-7老,2023-05-05,-7老
格器,2024,2024-04-08,-5老,2024-04-27,-10老,2024-05-01,-11老
格器,2025,2025-04-09,-4老,2025-05-03,-4老,2025-05-07,-5老
咯荐,2016,2016-04-07,-6老,2016-04-25,-10老,2016-05-01,-8老
咯荐,2017,2017-04-20,7老,2017-05-02,-3老,2017-05-08,-1老
咯荐,2018,2018-04-09,-4老,2018-04-27,-8老,2018-05-03,-6老
咯荐,2019,2019-04-06,-7老,2019-04-21,-14老,2019-05-02,-7老
咯荐,2020,2020-04-13,0老,2020-05-04,-1老,2020-05-06,-3老
咯荐,2021,2021-04-02,-11老,2021-04-25,-10老,2021-04-29,-10老
咯荐,2022,2022-04-03,-10老,2022-05-01,-4老,2022-05-04,-5老
咯荐,2023,2023-03-29,-15老,2023-04-24,-11老,2023-05-01,-8老
咯荐,2024,2024-04-05,-8老,2024-04-26,-9老,2024-05-01,-8老
咯荐,2025,2025-04-17,4老,2025-05-04,-1老,2025-05-13,4老
孺魂档,2016,2016-04-26,1老,2016-05-21,-1老,2016-05-27, 
孺魂档,2017,2017-04-26,1老,2017-05-15,-7老,2017-05-25, 
孺魂档,2018,2018-04-28,3老,2018-05-16,-6老,2018-05-21, 
孺魂档,2019,2019-04-24,-1老,2019-05-15,-7老,2019-05-21, 
孺魂档,2020,2020-05-06,11老,2020-05-31,9老,2020-06-05, 
孺魂档,2021,2021-05-06,11老,2021-05-13,-9老,2021-05-25, 
孺魂档,2022,2022-05-10,15老,2022-05-17,-5老,2022-05-25, 
孺魂档,2023,2023-05-13,18老,2023-05-24,2老,2023-05-31, 
孺魂档,2024,2024-05-01,6老,2024-05-12,-10老,2024-05-17, 
孺魂档,2025,2025-04-22,-3老,2025-05-22,0老,2025-06-09, 
傈林,2016,2016-04-17,1老,2016-04-29,-7老,2016-05-07,-7老
傈林,2017,2017-04-21,5老,2017-04-30,-6老,2017-05-08,-6老
傈林,2018,2018-04-15,-1老,2018-04-26,-10老,2018-05-05,-9老
傈林,2019,2019-04-17,1老,2019-05-08,2老,2019-05-14,0老
傈林,2020,2020-04-19,3老,2020-05-06,0老,2020-05-18,4老
傈林,2021,2021-04-02,-14老,2021-04-25,-11老,2021-04-30,-14老
傈林,2022,2022-04-16,0老,2022-05-04,-2老,2022-05-08,-6老
傈林,2023,2023-04-13,-3老,2023-04-28,-8老,2023-05-03,-11老
傈林,2024,2024-04-08,-8老,2024-04-28,-8老,2024-05-03,-11老
傈林,2025,2025-04-16,0老,2025-04-30,-6老,2025-05-07,-7老
辑蓖器,2019,包螟 救凳,—,包螟 救凳,—,包螟 救凳,—
辑蓖器,2020,包螟 救凳,—,包螟 救凳,—,包螟 救凳,—
辑蓖器,2021,2021-04-02,-1老,2021-04-17,-17老,2021-04-22, 
辑蓖器,2022,2022-04-06,3老,2022-04-24,-10老,2022-04-27, 
辑蓖器,2023,2023-04-13,10老,2023-04-19,-15老,2023-04-26, 
辑蓖器,2024,包螟 救凳,—,包螟 救凳,—,包螟 救凳,—
辑蓖器,2025,2025-05-03,30老,2025-05-07,3老,2025-05-12, 
力林,2016,2016-04-22,9老,2016-04-30,-3老,2016-05-04, 
力林,2017,2017-04-13,0老,2017-05-02,-1老,2017-05-10, 
力林,2018,2018-04-16,3老,2018-04-21,-12老,2018-04-26, 
力林,2019,2019-04-26,13老,2019-04-30,-3老,2019-05-04, 
力林,2020,2020-04-07,-6老,2020-04-25,-8老,2020-05-01, 
力林,2021,2021-03-31,-13老,2021-04-15,-18老,2021-04-20, 
力林,2022,2022-03-31,-13老,2022-04-25,-8老,2022-04-28, 
力林,2023,2023-04-19,6老,2023-04-21,-12老,2023-04-29, 
力林,2024,2024-04-17,4老,2024-04-20,-13老,2024-04-25, 
力林,2025,2025-04-19,6老,2025-04-23,-10老,2025-04-25, 
辑魂,2016,2016-04-18,-3老,2016-05-06,-10老,2016-05-11, 
辑魂,2017,2017-04-19,-2老,2017-05-07,-9老,2017-05-12, 
全己,2018,2018-04-15, ,2018-05-08, ,2018-05-12, 
全己,2019,2019-04-22, ,2019-05-13, ,2019-05-17, 
全己,2020,2020-04-16, ,2020-05-11, ,2020-05-14, 
全己,2021,2021-04-14, ,2021-05-11, ,2021-05-14, 
全己,2022,2022-04-19, ,2022-05-10, ,2022-05-13, 
全己,2023,2023-04-19, ,2023-05-04, ,2023-05-09, 
全己,2024,2024-04-12, ,2024-05-07, ,2024-05-10, 
全己,2025,2025-04-13, ,2025-05-09, ,2025-05-15, 
没林,2016,2016-04-18,0老,2016-05-01,-8老,2016-05-05,-8老
没林,2017,2017-04-11,-7老,2017-05-03,-6老,2017-05-09,-4老
没林,2018,2018-04-06,-12老,2018-05-02,-7老,2018-05-07,-6老
没林,2019,2019-04-18,0老,2019-05-11,2老,2019-05-16,3老
没林,2020,2020-04-14,-4老,2020-05-07,-2老,2020-05-11,-2老
没林,2021,2021-04-09,-9老,2021-04-28,-11老,2021-05-03,-10老
没林,2022,2022-04-14,-4老,2022-04-29,-10老,2022-05-04,-9老
没林,2023,2023-04-20,2老,2023-04-24,-15老,2023-04-30,-13老
没林,2024,2024-04-12,-6老,2024-04-28,-11老,2024-05-03,-10老
没林,2025,2025-04-16,-2老,2025-04-28,-11老,2025-05-07,-6老
