瘤痢,斥档,孩唱公,孩唱公,孩唱公,孩唱公,孩唱公,孩唱公
,,惯酒,惯酒(乞厚),俺拳,俺拳(乞厚),父惯,父惯(乞厚)
合碍釜,2016,2016-03-19,-5老,2016-04-04,0老,2016-04-06,-1老
合碍釜,2017,2017-03-19,-5老,2017-04-03,-1老,2017-04-04,-3老
合碍釜,2018,2018-03-22,-2老,2018-03-31,-4老,2018-04-02,-5老
合碍釜,2019,2019-03-20,-4老,2019-03-31,-4老,2019-04-04,-3老
合碍釜,2020,2020-03-21,-3老,2020-03-26,-9老,2020-03-30,-8老
合碍釜,2021,2021-03-19,-5老,2021-03-28,-7老,2021-03-31,-7老
合碍釜,2022,2022-03-27,3老,2022-04-06,2老,2022-04-10,3老
合碍釜,2023,2023-03-09,-15老,2023-03-26,-9老,2023-03-29,-9老
合碍釜,2024,2024-03-08,-16老,2024-04-05,1老,2024-04-09,2老
合碍釜,2025,2025-03-15,-9老,2025-04-01,-3老,2025-04-06,-1老
合冕玫,2017,2017-04-03,1老,2017-04-11,0老,2017-04-13,1老
合冕玫,2018,2018-04-01,-1老,2018-04-06,-5老,2018-04-08,-4老
合冕玫,2019,2019-04-02,0老,2019-04-07,-4老,2019-04-14,2老
合冕玫,2020,2020-03-30,-3老,2020-04-01,-10老,2020-04-05,-7老
合冕玫,2021,2021-03-26,-7老,2021-04-01,-10老,2021-04-05,-7老
合冕玫,2022,2022-04-01,-1老,2022-04-11,0老,2022-04-12,0老
合冕玫,2023,2023-03-27,-6老,2023-04-01,-10老,2023-04-03,-9老
合冕玫,2024,2024-03-25,-8老,2024-04-03,-8老,2024-04-08,-4老
合冕玫,2025,2025-03-23,-10老,2025-04-08,-3老,2025-04-13,1老
冕玫,2016,2016-03-27, ,2016-04-05, ,2016-04-07, 
荐盔,2016,2016-03-25,-4老,2016-04-02,-6老,2016-04-06,-5老
荐盔,2017,2017-03-22,-7老,2017-04-08,0老,2017-04-10,-1老
荐盔,2018,2018-03-22,-7老,2018-04-02,-6老,2018-04-03,-8老
荐盔,2019,2019-03-23,-6老,2019-04-07,-1老,2019-04-10,-1老
荐盔,2020,2020-03-26,-3老,2020-03-31,-8老,2020-04-05,-6老
荐盔,2021,2021-03-24,-5老,2021-03-29,-10老,2021-03-31,-11老
荐盔,2022,2022-03-30,1老,2022-04-11,3老,2022-04-12,1老
荐盔,2023,2023-03-25,-4老,2023-03-30,-9老,2023-04-01,-10老
荐盔,2024,2024-03-31,2老,2024-04-03,-5老,2024-04-10,-1老
荐盔,2025,2025-04-02,4老,2025-04-07,-1老,2025-04-11,0老
芒盔,2016,2016-03-21,8老,2016-03-28,-1老,2016-04-03,0老
芒盔,2017,2017-03-14,1老,2017-03-27,-2老,2017-04-01,-2老
芒盔,2018,2018-03-14,1老,2018-03-28,-1老,2018-03-31,-3老
芒盔,2019,2019-03-11,-2老,2019-03-21,-8老,2019-03-27,-7老
芒盔,2020,2020-03-09,-4老,2020-03-23,-6老,2020-03-26,-8老
芒盔,2021,2021-03-10,-3老,2021-03-18,-11老,2021-03-23,-11老
芒盔,2022,2022-03-14,1老,2022-03-27,-2老,2022-03-31,-3老
芒盔,2023,2023-03-11,-2老,2023-03-21,-8老,2023-03-27,-7老
芒盔,2024,2024-03-16,3老,2024-03-23,-6老,2024-03-31,-3老
芒盔,2025,2025-03-20,7老,2025-03-27,-2老,2025-04-02,-1老
救悼,2016,2016-03-23,-2老,2016-04-02,-3老,2016-04-05,-3老
救悼,2017,2017-04-03,9老,2017-04-05,0老,2017-04-07,-1老
救悼,2018,2018-03-28,3老,2018-03-30,-6老,2018-04-01,-7老
救悼,2019,2019-03-25,0老,2019-03-30,-6老,2019-04-02,-6老
救悼,2020,2020-03-24,-1老,2020-03-27,-9老,2020-03-28,-11老
救悼,2021,2021-03-22,-3老,2021-03-26,-10老,2021-03-30,-9老
救悼,2022,2022-03-28,3老,2022-04-02,-3老,2022-04-07,-1老
救悼,2023,2023-03-09,-16老,2023-03-23,-13老,2023-03-27,-12老
救悼,2024,2024-03-17,-8老,2024-04-01,-4老,2024-04-02,-6老
救悼,2025,2025-03-25,0老,2025-04-02,-3老,2025-04-07,-1老
匡釜档,2016,2016-03-27,1老,2016-04-02,-3老,2016-04-06,-3老
匡釜档,2017,2017-03-22,-4老,2017-04-03,-2老,2017-04-07,-2老
匡釜档,2018,2018-03-23,-3老,2018-04-02,-3老,2018-04-09,0老
匡釜档,2019,2019-03-18,-8老,2019-03-20,-16老,2019-03-26,-14老
匡釜档,2020,2020-03-22,-4老,2020-03-25,-11老,2020-03-31,-9老
匡釜档,2021,2021-03-22,-4老,2021-03-24,-12老,2021-03-28,-12老
匡釜档,2022,2022-03-26,0老,2022-04-04,-1老,2022-04-06,-3老
匡釜档,2023,2023-03-11,-15老,2023-03-20,-16老,2023-03-24,-16老
匡釜档,2024,2024-03-17,-9老,2024-03-27,-9老,2024-04-02,-7老
匡釜档,2025,2025-03-25,-1老,2025-03-30,-6老,2025-04-02,-7老
器亲,2016,2016-03-17,1老,2016-03-28,-1老,2016-03-31,-4老
器亲,2017,2017-03-13,-3老,2017-03-27,-2老,2017-03-31,-4老
器亲,2018,2018-03-13,-3老,2018-03-27,-2老,2018-03-29,-6老
器亲,2019,2019-03-09,-7老,2019-03-21,-8老,2019-03-27,-8老
器亲,2020,2020-03-08,-8老,2020-03-23,-6老,2020-03-26,-9老
器亲,2021,2021-03-11,-5老,2021-03-23,-6老,2021-03-25,-10老
器亲,2022,2022-03-10,-6老,2022-03-27,-2老,2022-03-30,-5老
器亲,2023,2023-03-08,-8老,2023-03-16,-13老,2023-03-21,-14老
器亲,2024,2024-03-15,-1老,2024-03-29,0老,2024-04-02,-2老
器亲,2025,2025-03-21,5老,2025-03-26,-3老,2025-03-27,-8老
堡林,2016,2016-03-13,0老,2016-03-29,-2老,2016-03-31,-4老
堡林,2017,2017-03-15,2老,2017-04-02,2老,2017-04-09,5老
堡林,2018,2018-03-12,-1老,2018-03-27,-4老,2018-03-29,-6老
堡林,2019,2019-02-24,-17老,2019-03-27,-4老,2019-03-29,-6老
堡林,2020,2020-02-24,-18老,2020-03-23,-8老,2020-03-29,-6老
堡林,2021,2021-02-21,-20老,2021-03-18,-13老,2021-03-24,-11老
堡林,2022,2022-02-28,-13老,2022-03-25,-6老,2022-03-29,-6老
堡林,2023,2023-02-28,-13老,2023-03-23,-8老,2023-03-26,-9老
堡林,2024,2024-03-17,4老,2024-03-27,-4老,2024-04-01,-3老
堡林,2025,2025-03-24,11老,2025-03-27,-4老,2025-04-04,0老
措备,2016,2016-03-22,6老,2016-03-25,-4老,2016-03-31,-2老
措备,2017,2017-03-16,0老,2017-03-29,0老,2017-04-02,0老
措备,2018,2018-03-12,-4老,2018-03-27,-2老,2018-03-29,-4老
措备,2019,2019-03-17,1老,2019-03-21,-8老,2019-03-26,-7老
措备,2020,2020-03-09,-7老,2020-03-21,-8老,2020-03-27,-6老
措备,2021,2021-03-16,0老,2021-03-23,-6老,2021-03-27,-6老
措备,2022,2022-03-21,5老,2022-03-26,-3老,2022-03-30,-3老
措备,2023,2023-03-10,-6老,2023-03-21,-8老,2023-03-25,-8老
措备,2024,2024-03-16,0老,2024-03-27,-2老,2024-04-01,-1老
措备,2025,2025-03-21,5老,2025-03-26,-3老,2025-03-27,-6老
措傈,2016,2016-03-19,-6老,2016-03-31,-4老,2016-04-02,-3老
措傈,2017,2017-03-20,-5老,2017-04-03,-1老,2017-04-06,1老
措傈,2018,2018-03-26,1老,2018-03-31,-4老,2018-04-02,-3老
措傈,2019,2019-03-25,0老,2019-03-29,-6老,2019-04-06,1老
措傈,2020,2020-03-12,-13老,2020-03-24,-11老,2020-03-29,-7老
措傈,2021,2021-03-11,-14老,2021-03-23,-12老,2021-03-26,-10老
措傈,2022,2022-03-19,-6老,2022-03-31,-4老,2022-04-05,0老
措傈,2023,2023-03-19,-6老,2023-03-22,-13老,2023-03-27,-9老
措傈,2024,2024-03-15,-10老,2024-03-30,-5老,2024-04-02,-3老
措傈,2025,2025-03-26,1老,2025-04-01,-3老,2025-04-05,0老
何魂,2016,2016-03-09,-4老,2016-03-28,0老,2016-04-05, 
何魂,2017,2017-03-16,3老,2017-03-28,0老,2017-04-01, 
何魂,2018,2018-03-10,-3老,2018-03-27,-1老,2018-03-30, 
何魂,2019,2019-03-13,0老,2019-03-22,-6老,2019-03-28, 
何魂,2020,2020-03-09,-4老,2020-03-23,-5老,2020-03-28, 
何魂,2021,2021-03-08,-5老,2021-03-22,-6老,2021-03-26, 
何魂,2022,2022-03-21,8老,2022-03-28,0老,2022-04-01, 
何魂,2023,2023-03-12,-1老,2023-03-19,-9老,2023-03-26, 
何魂,2024,2024-03-16,3老,2024-03-25,-3老,2024-04-02, 
何魂,2025,2025-03-16,3老,2025-03-28,0老,2025-04-03, 
辑匡,2016,2016-03-24,0老,2016-04-02,-6老,2016-04-05,-5老
辑匡,2017,2017-03-25,1老,2017-04-06,-2老,2017-04-10,0老
辑匡,2018,2018-03-27,3老,2018-04-02,-6老,2018-04-04,-6老
辑匡,2019,2019-03-22,-2老,2019-04-03,-5老,2019-04-08,-2老
辑匡,2020,2020-03-21,-3老,2020-03-27,-12老,2020-04-01,-9老
辑匡,2021,2021-03-16,-8老,2021-03-24,-15老,2021-03-29,-12老
辑匡,2022,2022-03-26,2老,2022-04-04,-4老,2022-04-08,-2老
辑匡,2023,2023-03-21,-3老,2023-03-25,-14老,2023-03-30,-11老
辑匡,2024,2024-03-23,-1老,2024-04-01,-7老,2024-04-04,-6老
辑匡,2025,2025-03-27,3老,2025-04-04,-4老,2025-04-10,0老
匡魂,2016,2016-03-19,0老,2016-03-28,-1老,2016-03-31, 
匡魂,2017,2017-03-19,0老,2017-03-29,0老,2017-04-02, 
匡魂,2018,2018-03-23,4老,2018-03-29,0老,2018-03-31, 
匡魂,2019,2019-03-18,-1老,2019-03-23,-6老,2019-03-28, 
匡魂,2020,2020-03-20,1老,2020-03-23,-6老,2020-03-27, 
匡魂,2021,2021-03-14,-5老,2021-03-21,-8老,2021-03-26, 
匡魂,2022,2022-03-15,-4老,2022-03-28,-1老,2022-03-30, 
匡魂,2023,2023-03-14,-5老,2023-03-22,-7老,2023-03-24, 
匡魂,2024,2024-03-17,-2老,2024-03-28,-1老,2024-03-30, 
匡魂,2025,2025-03-16,-3老,2025-03-27,-2老,2025-03-29, 
归飞档,2016,2016-04-11,8老,2016-04-17,-2老,2016-04-20, 
归飞档,2017,2017-04-03,0老,2017-04-13,-6老,2017-04-20, 
归飞档,2018,2018-04-11,8老,2018-04-23,4老,2018-04-30, 
归飞档,2019,2019-04-05,2老,2019-04-15,-4老,2019-04-18, 
归飞档,2020,2020-04-01,-2老,2020-04-13,-6老,2020-04-18, 
归飞档,2021,2021-04-02,-1老,2021-04-13,-6老,2021-04-19, 
归飞档,2022,2022-04-08,5老,2022-04-21,2老,2022-04-26, 
归飞档,2023,2023-03-27,-7老,2023-04-10,-9老,2023-04-14, 
归飞档,2024,2024-03-29,-5老,2024-04-14,-5老,2024-04-17, 
归飞档,2025,2025-04-08,5老,2025-04-21,2老,2025-04-23, 
牢玫,2016,2016-03-23,-5老,2016-04-06,-6老,2016-04-11,-2老
牢玫,2017,2017-03-30,2老,2017-04-10,-2老,2017-04-14,1老
牢玫,2018,2018-04-02,5老,2018-04-06,-6老,2018-04-12,-1老
牢玫,2019,2019-04-03,6老,2019-04-08,-4老,2019-04-15,2老
牢玫,2020,2020-03-26,-2老,2020-03-30,-13老,2020-04-06,-7老
牢玫,2021,2021-03-26,-2老,2021-03-31,-12老,2021-04-02,-11老
牢玫,2022,2022-03-28,0老,2022-04-09,-3老,2022-04-12,-1老
牢玫,2023,2023-03-24,-4老,2023-04-02,-10老,2023-04-03,-10老
牢玫,2024,2024-03-26,-2老,2024-04-03,-9老,2024-04-07,-6老
牢玫,2025,2025-03-29,1老,2025-04-11,-1老,2025-04-16,3老
格器,2016,2016-03-14,-3老,2016-03-31,-3老,2016-04-02,-5老
格器,2017,2017-03-17,0老,2017-04-02,-1老,2017-04-10,3老
格器,2018,2018-03-16,-1老,2018-03-29,-5老,2018-04-02,-5老
格器,2019,2019-03-13,-4老,2019-03-31,-3老,2019-04-05,-2老
格器,2020,2020-03-02,-15老,2020-03-26,-8老,2020-03-29,-9老
格器,2021,2021-03-02,-15老,2021-03-24,-10老,2021-03-29,-9老
格器,2022,2022-03-15,-2老,2022-03-31,-3老,2022-04-04,-3老
格器,2023,2023-03-13,-4老,2023-03-26,-8老,2023-03-31,-7老
格器,2024,2024-03-12,-5老,2024-03-29,-5老,2024-04-02,-5老
格器,2025,2025-03-19,2老,2025-03-27,-7老,2025-04-02,-5老
咯荐,2016,2016-03-12,-3老,2016-03-27,-4老,2016-03-30,-6老
咯荐,2017,2017-03-14,-1老,2017-03-31,0老,2017-04-03,-2老
咯荐,2018,2018-03-16,1老,2018-03-29,-2老,2018-04-01,-4老
咯荐,2019,2019-03-07,-8老,2019-03-26,-5老,2019-03-29,-7老
咯荐,2020,2020-03-12,-3老,2020-03-25,-6老,2020-03-27,-9老
咯荐,2021,2021-03-15,0老,2021-03-21,-10老,2021-03-26,-10老
咯荐,2022,2022-03-16,1老,2022-03-29,-2老,2022-04-03,-2老
咯荐,2023,2023-03-18,3老,2023-03-23,-8老,2023-03-28,-8老
咯荐,2024,2024-03-21,6老,2024-03-26,-5老,2024-04-01,-4老
咯荐,2025,2025-03-14,-1老,2025-03-30,-1老,2025-04-06,1老
孺魂档,2016,2016-03-28,10老,2016-04-03,-3老,2016-04-08, 
孺魂档,2017,2017-03-21,3老,2017-04-06,0老,2017-04-10, 
孺魂档,2018,2018-03-30,12老,2018-04-05,-1老,2018-04-11, 
孺魂档,2019,2019-03-12,-6老,2019-04-04,-2老,2019-04-10, 
孺魂档,2020,2020-03-24,6老,2020-04-08,2老,2020-04-16, 
孺魂档,2021,2021-03-28,10老,2021-04-01,-5老,2021-04-11, 
孺魂档,2022,2022-03-18,0老,2022-04-08,2老,2022-04-13, 
孺魂档,2023,2023-03-20,2老,2023-04-02,-4老,2023-04-06, 
孺魂档,2024,2024-03-15,-3老,2024-03-31,-6老,2024-04-04, 
孺魂档,2025,2025-03-21,3老,2025-04-06,0老,2025-04-12, 
傈林,2016,2016-03-13,-10老,2016-03-27,-7老,2016-04-05,-3老
傈林,2017,2017-03-11,-12老,2017-04-02,-1老,2017-04-05,-3老
傈林,2018,2018-03-14,-9老,2018-03-27,-7老,2018-04-01,-7老
傈林,2019,2019-03-12,-11老,2019-03-29,-5老,2019-04-05,-3老
傈林,2020,2020-03-09,-14老,2020-03-26,-8老,2020-03-31,-8老
傈林,2021,2021-03-08,-15老,2021-03-18,-16老,2021-03-25,-14老
傈林,2022,2022-03-14,-9老,2022-03-30,-4老,2022-04-01,-7老
傈林,2023,2023-03-13,-10老,2023-03-22,-12老,2023-03-26,-13老
傈林,2024,2024-03-15,-8老,2024-03-26,-8老,2024-03-31,-8老
傈林,2025,2025-03-21,-2老,2025-03-27,-7老,2025-04-01,-7老
辑蓖器,2019,2019-03-15,6老,2019-03-25,1老,2019-03-30, 
辑蓖器,2020,2020-03-13,4老,2020-03-26,2老,2020-04-01, 
辑蓖器,2021,2021-03-12,3老,2021-03-18,-6老,2021-03-22, 
辑蓖器,2022,2022-03-15,6老,2022-03-25,1老,2022-03-29, 
辑蓖器,2023,2023-03-09,0老,2023-03-24,0老,2023-03-31, 
辑蓖器,2024,2024-03-22,13老,2024-03-30,6老,2024-04-02, 
辑蓖器,2025,2025-03-24,15老,2025-03-27,3老,2025-04-07, 
力林,2016,2016-03-06,-4老,2016-03-21,-4老,2016-03-29, 
力林,2017,2017-03-11,1老,2017-03-28,3老,2017-04-04, 
力林,2018,2018-03-11,1老,2018-03-22,-3老,2018-03-27, 
力林,2019,2019-03-11,1老,2019-03-25,0老,2019-03-29, 
力林,2020,2020-03-13,3老,2020-03-24,-1老,2020-03-27, 
力林,2021,2021-03-09,-1老,2021-03-17,-8老,2021-03-22, 
力林,2022,2022-03-17,7老,2022-03-25,0老,2022-03-29, 
力林,2023,2023-03-09,-1老,2023-03-22,-3老,2023-03-27, 
力林,2024,2024-03-18,8老,2024-03-23,-2老,2024-04-01, 
力林,2025,2025-03-21,11老,2025-03-26,1老,2025-03-27, 
辑魂,2016,2016-03-27,-1老,2016-04-06,-5老,2016-04-09, 
辑魂,2017,2017-03-29,1老,2017-04-10,-1老,2017-04-12, 
全己,2018,2018-03-29, ,2018-04-04, ,2018-04-06, 
全己,2019,2019-03-29, ,2019-04-07, ,2019-04-10, 
全己,2020,2020-03-24, ,2020-04-01, ,2020-04-05, 
全己,2021,2021-03-23, ,2021-03-31, ,2021-04-04, 
全己,2022,2022-04-01, ,2022-04-08, ,2022-04-11, 
全己,2023,2023-03-24, ,2023-03-30, ,2023-04-01, 
全己,2024,2024-03-29, ,2024-04-07, ,2024-04-11, 
全己,2025,2025-03-27, ,2025-04-07, ,2025-04-11, 
没林,2016,2016-03-20,-6老,2016-04-01,-5老,2016-04-03,-4老
没林,2017,2017-03-22,-4老,2017-04-04,-2老,2017-04-07,0老
没林,2018,2018-03-18,-8老,2018-04-01,-5老,2018-04-03,-4老
没林,2019,2019-03-21,-5老,2019-03-28,-9老,2019-04-06,-1老
没林,2020,2020-03-13,-13老,2020-03-26,-11老,2020-03-29,-9老
没林,2021,2021-03-12,-14老,2021-03-24,-13老,2021-03-27,-11老
没林,2022,2022-03-22,-4老,2022-04-02,-4老,2022-04-05,-2老
没林,2023,2023-03-11,-15老,2023-03-23,-14老,2023-03-26,-12老
没林,2024,2024-03-21,-5老,2024-03-31,-6老,2024-04-02,-5老
没林,2025,2025-03-24,-2老,2025-03-31,-6老,2025-04-04,-3老
