Location,Year,Bud_Date,Bud_Gap,Bloom_Date,Bloom_Gap,Full_Date,Full_Gap,Bud_DOY,Bloom_DOY,Full_DOY
북강릉,2016,2016-04-15,-8.0,2016-05-06,-5.0,2016-05-09,-6.0,106.0,127.0,130.0
북강릉,2017,2017-04-12,-11.0,2017-05-05,-6.0,2017-05-07,-8.0,102.0,125.0,127.0
북강릉,2018,2018-04-16,-7.0,2018-05-01,-10.0,2018-05-04,-11.0,106.0,121.0,124.0
북강릉,2019,2019-05-08,15.0,2019-05-12,1.0,2019-05-15,0.0,128.0,132.0,135.0
북강릉,2020,2020-04-29,6.0,2020-05-10,-1.0,2020-05-14,-1.0,120.0,131.0,135.0
북강릉,2021,2021-04-14,-9.0,2021-05-06,-5.0,2021-05-08,-7.0,104.0,126.0,128.0
북강릉,2022,2022-04-11,-12.0,2022-04-28,-13.0,2022-05-01,-14.0,101.0,118.0,121.0
북강릉,2023,2023-04-20,-3.0,2023-05-01,-10.0,2023-05-05,-10.0,110.0,121.0,125.0
북강릉,2024,2024-04-16,-7.0,2024-05-02,-9.0,2024-05-04,-11.0,107.0,123.0,125.0
북강릉,2025,2025-04-17,-6.0,2025-05-06,-5.0,2025-05-12,-3.0,107.0,126.0,132.0
북춘천,2017,2017-05-04,8.0,2017-05-08,-6.0,2017-05-12,,124.0,128.0,132.0
북춘천,2018,2018-04-26,0.0,2018-05-05,-9.0,2018-05-10,,116.0,125.0,130.0
북춘천,2019,2019-04-27,1.0,2019-05-15,1.0,2019-05-21,,117.0,135.0,141.0
북춘천,2020,2020-05-01,5.0,2020-05-12,-2.0,2020-05-18,,122.0,133.0,139.0
북춘천,2021,2021-05-08,12.0,2021-05-12,-2.0,2021-05-14,,128.0,132.0,134.0
북춘천,2022,2022-05-10,14.0,2022-05-12,-2.0,2022-05-16,,130.0,132.0,136.0
북춘천,2023,2023-05-10,14.0,2023-05-11,-3.0,2023-05-13,,130.0,131.0,133.0
북춘천,2024,2024-05-03,7.0,2024-05-07,-7.0,2024-05-08,,124.0,128.0,129.0
북춘천,2025,2025-05-09,13.0,2025-05-16,2.0,2025-05-22,,129.0,136.0,142.0
춘천,2016,2016-04-15,,2016-05-08,,,,106.0,129.0,
수원,2016,2016-04-15,-4.0,2016-05-06,-7.0,2016-05-09,-6.0,106.0,127.0,130.0
수원,2017,2017-04-18,-1.0,2017-05-06,-7.0,2017-05-10,-5.0,108.0,126.0,130.0
수원,2018,2018-04-07,-12.0,2018-05-08,-5.0,2018-05-11,-4.0,97.0,128.0,131.0
수원,2019,2019-04-20,1.0,2019-05-13,0.0,2019-05-16,1.0,110.0,133.0,136.0
수원,2020,2020-04-14,-5.0,2020-05-11,-2.0,2020-05-16,1.0,105.0,132.0,137.0
수원,2021,2021-04-09,-10.0,2021-05-04,-9.0,2021-05-09,-6.0,99.0,124.0,129.0
수원,2022,2022-04-15,-4.0,2022-05-05,-8.0,2022-05-11,-4.0,105.0,125.0,131.0
수원,2023,2023-04-04,-15.0,2023-05-03,-10.0,2023-05-07,-8.0,94.0,123.0,127.0
수원,2024,2024-04-08,-11.0,2024-04-30,-13.0,2024-05-03,-12.0,99.0,121.0,124.0
수원,2025,2025-04-16,-3.0,2025-05-12,-1.0,2025-05-17,2.0,106.0,132.0,137.0
창원,2016,2016-04-11,4.0,2016-05-01,-3.0,2016-05-20,8.0,102.0,122.0,141.0
창원,2017,2017-04-11,4.0,2017-05-01,-3.0,2017-05-15,3.0,101.0,121.0,135.0
창원,2018,2018-04-05,-2.0,2018-04-29,-5.0,2018-05-02,-10.0,95.0,119.0,122.0
창원,2019,2019-04-04,-3.0,2019-05-02,-2.0,2019-05-08,-4.0,94.0,122.0,128.0
창원,2020,2020-04-03,-4.0,2020-05-04,0.0,2020-05-06,-6.0,94.0,125.0,127.0
창원,2021,2021-04-03,-4.0,2021-04-26,-8.0,2021-05-02,-10.0,93.0,116.0,122.0
창원,2022,2022-04-04,-3.0,2022-04-27,-7.0,2022-05-02,-10.0,94.0,117.0,122.0
창원,2023,2023-04-02,-5.0,2023-04-26,-8.0,2023-04-30,-12.0,92.0,116.0,120.0
창원,2024,2024-04-01,-6.0,2024-04-28,-6.0,2024-05-01,-11.0,92.0,119.0,122.0
창원,2025,2025-04-03,-4.0,2025-05-01,-3.0,2025-05-04,-8.0,93.0,121.0,124.0
안동,2016,2016-04-15,-1.0,2016-05-07,0.0,2016-05-12,-1.0,106.0,128.0,133.0
안동,2017,2017-04-12,-4.0,2017-05-01,-6.0,2017-05-08,-5.0,102.0,121.0,128.0
안동,2018,2018-04-13,-3.0,2018-05-01,-6.0,2018-05-05,-8.0,103.0,121.0,125.0
안동,2019,2019-04-28,12.0,2019-05-01,-6.0,2019-05-08,-5.0,118.0,121.0,128.0
안동,2020,2020-04-20,4.0,2020-05-02,-5.0,2020-05-05,-8.0,111.0,123.0,126.0
안동,2021,2021-04-14,-2.0,2021-05-07,0.0,2021-05-10,-3.0,104.0,127.0,130.0
안동,2022,2022-04-14,-2.0,2022-05-04,-3.0,2022-05-07,-6.0,104.0,124.0,127.0
안동,2023,2023-04-10,-6.0,2023-04-28,-9.0,2023-05-02,-11.0,100.0,118.0,122.0
안동,2024,2024-04-11,-5.0,2024-04-27,-10.0,2024-05-01,-12.0,102.0,118.0,122.0
안동,2025,2025-04-18,2.0,2025-05-06,-1.0,2025-05-08,-5.0,108.0,126.0,128.0
울릉도,2016,2016-04-26,-2.0,2016-05-13,-4.0,2016-05-17,,117.0,134.0,138.0
울릉도,2017,2017-04-23,-5.0,2017-05-08,-9.0,2017-05-12,,113.0,128.0,132.0
울릉도,2018,2018-04-20,-8.0,2018-05-06,-11.0,2018-05-10,,110.0,126.0,130.0
울릉도,2019,2019-04-20,-8.0,2019-05-13,-4.0,2019-05-17,,110.0,133.0,137.0
울릉도,2020,2020-04-18,-10.0,2020-05-15,-2.0,2020-05-21,,109.0,136.0,142.0
울릉도,2021,2021-04-14,-14.0,2021-05-14,-3.0,2021-05-17,,104.0,134.0,137.0
울릉도,2022,2022-04-16,-12.0,2022-05-12,-5.0,2022-05-16,,106.0,132.0,136.0
울릉도,2023,2023-04-10,-18.0,2023-05-11,-6.0,2023-05-16,,100.0,131.0,136.0
울릉도,2024,2024-04-17,-11.0,2024-05-12,-5.0,2024-05-16,,108.0,133.0,137.0
울릉도,2025,2025-05-06,8.0,2025-05-17,0.0,2025-05-19,,126.0,137.0,139.0
포항,2016,2016-04-07,-6.0,2016-05-02,-3.0,2016-05-08,-1.0,98.0,123.0,129.0
포항,2017,2017-04-05,-8.0,2017-05-01,-4.0,2017-05-07,-2.0,95.0,121.0,127.0
포항,2018,2018-04-07,-6.0,2018-05-01,-4.0,2018-05-06,-3.0,97.0,121.0,126.0
포항,2019,2019-04-06,-7.0,2019-04-21,-14.0,2019-05-01,-8.0,96.0,111.0,121.0
포항,2020,2020-04-04,-9.0,2020-04-28,-7.0,2020-05-12,3.0,95.0,119.0,133.0
포항,2021,2021-03-29,-15.0,2021-04-25,-10.0,2021-05-02,-7.0,88.0,115.0,122.0
포항,2022,2022-04-07,-6.0,2022-04-25,-10.0,2022-05-01,-8.0,97.0,115.0,121.0
포항,2023,2023-03-27,-17.0,2023-04-24,-11.0,2023-04-28,-11.0,86.0,114.0,118.0
포항,2024,2024-04-06,-7.0,2024-04-26,-9.0,2024-04-30,-9.0,97.0,117.0,121.0
포항,2025,2025-04-02,-11.0,2025-04-22,-13.0,2025-04-30,-9.0,92.0,112.0,120.0
광주,2016,2016-03-25,-12.0,2016-04-22,-11.0,2016-04-29,-8.0,85.0,113.0,120.0
광주,2017,2017-03-30,-7.0,2017-04-28,-5.0,2017-05-04,-3.0,89.0,118.0,124.0
광주,2018,2018-03-28,-9.0,2018-04-27,-6.0,2018-04-30,-7.0,87.0,117.0,120.0
광주,2019,2019-03-29,-8.0,2019-04-26,-7.0,2019-04-29,-8.0,88.0,116.0,119.0
광주,2020,2020-03-28,-9.0,2020-05-04,1.0,2020-05-07,0.0,88.0,125.0,128.0
광주,2021,2021-04-01,-5.0,2021-04-25,-8.0,2021-05-01,-6.0,91.0,115.0,121.0
광주,2022,2022-04-06,0.0,2022-04-24,-9.0,2022-04-27,-10.0,96.0,114.0,117.0
광주,2023,2023-03-28,-9.0,2023-04-22,-11.0,2023-04-30,-7.0,87.0,112.0,120.0
광주,2024,2024-04-09,3.0,2024-04-23,-10.0,2024-04-27,-10.0,100.0,114.0,118.0
광주,2025,2025-04-16,10.0,2025-04-28,-5.0,2025-05-01,-6.0,106.0,118.0,121.0
대구,2016,2016-04-01,-5.0,2016-04-20,-13.0,2016-04-28,-10.0,92.0,111.0,119.0
대구,2017,2017-04-03,-3.0,2017-04-28,-5.0,2017-05-01,-7.0,93.0,118.0,121.0
대구,2018,2018-03-31,-6.0,2018-04-27,-6.0,2018-04-30,-8.0,90.0,117.0,120.0
대구,2019,2019-04-28,22.0,2019-04-30,-3.0,2019-05-04,-4.0,118.0,120.0,124.0
대구,2020,2020-03-25,-12.0,2020-04-30,-3.0,2020-05-04,-4.0,85.0,121.0,125.0
대구,2021,2021-03-31,-6.0,2021-04-25,-8.0,2021-05-01,-7.0,90.0,115.0,121.0
대구,2022,2022-04-06,0.0,2022-04-26,-7.0,2022-04-29,-9.0,96.0,116.0,119.0
대구,2023,2023-03-28,-9.0,2023-04-20,-13.0,2023-04-24,-14.0,87.0,110.0,114.0
대구,2024,2024-04-08,2.0,2024-04-27,-6.0,2024-05-02,-6.0,99.0,118.0,123.0
대구,2025,2025-04-07,1.0,2025-04-25,-8.0,2025-04-30,-8.0,97.0,115.0,120.0
대전,2016,2016-04-05,-9.0,2016-05-02,-5.0,2016-05-07,-5.0,96.0,123.0,128.0
대전,2017,2017-04-13,-1.0,2017-05-05,-2.0,2017-05-11,-1.0,103.0,125.0,131.0
대전,2018,2018-04-03,-11.0,2018-05-02,-5.0,2018-05-05,-7.0,93.0,122.0,125.0
대전,2019,2019-04-17,3.0,2019-05-10,3.0,2019-05-16,4.0,107.0,130.0,136.0
대전,2020,2020-04-13,-1.0,2020-05-06,-1.0,2020-05-10,-2.0,104.0,127.0,131.0
대전,2021,2021-04-08,-6.0,2021-04-28,-9.0,2021-05-03,-9.0,98.0,118.0,123.0
대전,2022,2022-04-13,-1.0,2022-05-05,-2.0,2022-05-08,-4.0,103.0,125.0,128.0
대전,2023,2023-04-05,-9.0,2023-04-26,-11.0,2023-05-01,-11.0,95.0,116.0,121.0
대전,2024,2024-04-09,-5.0,2024-04-27,-10.0,2024-05-01,-11.0,100.0,118.0,122.0
대전,2025,2025-04-10,-4.0,2025-05-01,-6.0,2025-05-06,-6.0,100.0,121.0,126.0
부산,2016,2016-04-03,-3.0,2016-05-01,-4.0,2016-05-09,,94.0,122.0,130.0
부산,2017,2017-03-29,-8.0,2017-05-03,-2.0,2017-05-10,,88.0,123.0,130.0
부산,2018,2018-03-30,-7.0,2018-05-01,-4.0,2018-05-05,,89.0,121.0,125.0
부산,2019,2019-03-21,-16.0,2019-05-03,-2.0,2019-05-27,,80.0,123.0,147.0
부산,2020,2020-03-24,-13.0,2020-05-04,-1.0,2020-05-08,,84.0,125.0,129.0
부산,2021,2021-03-30,-7.0,2021-04-24,-11.0,2021-05-01,,89.0,114.0,121.0
부산,2022,2022-04-11,5.0,2022-04-30,-5.0,2022-05-03,,101.0,120.0,123.0
부산,2023,2023-04-02,-4.0,2023-04-22,-13.0,2023-04-30,,92.0,112.0,120.0
부산,2024,2024-04-06,0.0,2024-04-28,-7.0,2024-05-02,,97.0,119.0,123.0
부산,2025,2025-04-16,10.0,2025-05-02,-3.0,2025-05-05,,106.0,122.0,125.0
서울,2016,2016-04-19,-1.0,2016-05-04,-8.0,2016-05-09,-6.0,110.0,125.0,130.0
서울,2017,2017-04-15,-5.0,2017-05-08,-4.0,2017-05-11,-4.0,105.0,128.0,131.0
서울,2018,2018-04-08,-12.0,2018-05-09,-3.0,2018-05-13,-2.0,98.0,129.0,133.0
서울,2019,2019-04-15,-5.0,2019-05-12,0.0,2019-05-15,0.0,105.0,132.0,135.0
서울,2020,2020-04-10,-10.0,2020-05-08,-4.0,2020-05-11,-4.0,101.0,129.0,132.0
서울,2021,2021-04-09,-11.0,2021-05-03,-9.0,2021-05-07,-8.0,99.0,123.0,127.0
서울,2022,2022-04-15,-5.0,2022-05-04,-8.0,2022-05-08,-7.0,105.0,124.0,128.0
서울,2023,2023-04-04,-16.0,2023-04-29,-13.0,2023-05-06,-9.0,94.0,119.0,126.0
서울,2024,2024-04-10,-10.0,2024-04-28,-14.0,2024-05-01,-14.0,101.0,119.0,122.0
서울,2025,2025-04-19,-1.0,2025-05-09,-3.0,2025-05-14,-1.0,109.0,129.0,134.0
울산,2016,2016-04-14,5.0,2016-05-02,-5.0,2016-05-09,,105.0,123.0,130.0
울산,2017,2017-04-06,-3.0,2017-05-01,-6.0,2017-05-07,,96.0,121.0,127.0
울산,2018,2018-04-09,0.0,2018-04-27,-10.0,2018-05-03,,99.0,117.0,123.0
울산,2019,2019-04-01,-8.0,2019-05-03,-4.0,2019-05-07,,91.0,123.0,127.0
울산,2020,2020-04-01,-8.0,2020-05-04,-3.0,2020-05-08,,92.0,125.0,129.0
울산,2021,2021-04-01,-8.0,2021-04-28,-9.0,2021-05-03,,91.0,118.0,123.0
울산,2022,2022-04-08,-1.0,2022-04-28,-9.0,2022-05-03,,98.0,118.0,123.0
울산,2023,2023-04-12,3.0,2023-04-27,-10.0,2023-05-01,,102.0,117.0,121.0
울산,2024,2024-04-05,-4.0,2024-04-29,-8.0,2024-05-02,,96.0,120.0,123.0
울산,2025,2025-04-23,14.0,2025-04-28,-9.0,2025-05-03,,113.0,118.0,123.0
백령도,2016,2016-05-06,2.0,2016-05-26,1.0,2016-05-31,,127.0,147.0,152.0
백령도,2017,2017-05-01,-3.0,2017-05-13,-12.0,2017-05-22,,121.0,133.0,142.0
백령도,2018,2018-05-08,4.0,2018-05-27,2.0,2018-06-04,,128.0,147.0,155.0
백령도,2019,2019-05-10,6.0,2019-05-19,-6.0,2019-05-27,,130.0,139.0,147.0
백령도,2020,2020-05-23,19.0,2020-06-05,11.0,2020-06-12,,144.0,157.0,164.0
백령도,2021,2021-05-19,15.0,2021-05-27,2.0,2021-06-02,,139.0,147.0,153.0
백령도,2022,2022-04-28,-6.0,2022-05-27,2.0,2022-06-03,,118.0,147.0,154.0
백령도,2023,2023-04-18,-16.0,2023-05-29,4.0,2023-06-05,,108.0,149.0,156.0
백령도,2024,2024-04-22,-12.0,2024-05-27,2.0,2024-06-04,,113.0,148.0,156.0
백령도,2025,2025-04-29,-5.0,2025-05-23,-2.0,2025-06-05,,119.0,143.0,156.0
인천,2016,2016-05-06,11.0,2016-05-10,-5.0,2016-05-13,-7.0,127.0,131.0,134.0
인천,2017,2017-05-07,12.0,2017-05-12,-3.0,2017-05-17,-3.0,127.0,132.0,137.0
인천,2018,2018-04-17,-8.0,2018-05-11,-4.0,2018-05-18,-2.0,107.0,131.0,138.0
인천,2019,2019-04-19,-6.0,2019-05-14,-1.0,2019-05-21,1.0,109.0,134.0,141.0
인천,2020,2020-04-17,-8.0,2020-05-11,-4.0,2020-05-18,-2.0,108.0,132.0,139.0
인천,2021,2021-04-18,-7.0,2021-05-10,-5.0,2021-05-17,-3.0,108.0,130.0,137.0
인천,2022,2022-04-18,-7.0,2022-05-11,-4.0,2022-05-16,-4.0,108.0,131.0,136.0
인천,2023,2023-04-20,-5.0,2023-05-08,-7.0,2023-05-13,-7.0,110.0,128.0,133.0
인천,2024,2024-04-11,-14.0,2024-05-01,-14.0,2024-05-08,-12.0,102.0,122.0,129.0
인천,2025,2025-04-16,-9.0,2025-05-16,1.0,2025-05-20,0.0,106.0,136.0,140.0
목포,2016,2016-04-08,-5.0,2016-04-29,-8.0,2016-05-07,-5.0,99.0,120.0,128.0
목포,2017,2017-04-03,-10.0,2017-04-29,-8.0,2017-05-06,-6.0,93.0,119.0,126.0
목포,2018,2018-04-09,-4.0,2018-05-02,-5.0,2018-05-10,-2.0,99.0,122.0,130.0
목포,2019,2019-04-10,-3.0,2019-05-04,-3.0,2019-05-09,-3.0,100.0,124.0,129.0
목포,2020,2020-04-14,1.0,2020-05-06,-1.0,2020-05-14,2.0,105.0,127.0,135.0
목포,2021,2021-04-05,-8.0,2021-04-29,-8.0,2021-05-09,-3.0,95.0,119.0,129.0
목포,2022,2022-04-12,-1.0,2022-04-27,-10.0,2022-05-03,-9.0,102.0,117.0,123.0
목포,2023,2023-04-08,-5.0,2023-04-30,-7.0,2023-05-05,-7.0,98.0,120.0,125.0
목포,2024,2024-04-08,-5.0,2024-04-27,-10.0,2024-05-01,-11.0,99.0,118.0,122.0
목포,2025,2025-04-09,-4.0,2025-05-03,-4.0,2025-05-07,-5.0,99.0,123.0,127.0
여수,2016,2016-04-07,-6.0,2016-04-25,-10.0,2016-05-01,-8.0,98.0,116.0,122.0
여수,2017,2017-04-20,7.0,2017-05-02,-3.0,2017-05-08,-1.0,110.0,122.0,128.0
여수,2018,2018-04-09,-4.0,2018-04-27,-8.0,2018-05-03,-6.0,99.0,117.0,123.0
여수,2019,2019-04-06,-7.0,2019-04-21,-14.0,2019-05-02,-7.0,96.0,111.0,122.0
여수,2020,2020-04-13,0.0,2020-05-04,-1.0,2020-05-06,-3.0,104.0,125.0,127.0
여수,2021,2021-04-02,-11.0,2021-04-25,-10.0,2021-04-29,-10.0,92.0,115.0,119.0
여수,2022,2022-04-03,-10.0,2022-05-01,-4.0,2022-05-04,-5.0,93.0,121.0,124.0
여수,2023,2023-03-29,-15.0,2023-04-24,-11.0,2023-05-01,-8.0,88.0,114.0,121.0
여수,2024,2024-04-05,-8.0,2024-04-26,-9.0,2024-05-01,-8.0,96.0,117.0,122.0
여수,2025,2025-04-17,4.0,2025-05-04,-1.0,2025-05-13,4.0,107.0,124.0,133.0
흑산도,2016,2016-04-26,1.0,2016-05-21,-1.0,2016-05-27,,117.0,142.0,148.0
흑산도,2017,2017-04-26,1.0,2017-05-15,-7.0,2017-05-25,,116.0,135.0,145.0
흑산도,2018,2018-04-28,3.0,2018-05-16,-6.0,2018-05-21,,118.0,136.0,141.0
흑산도,2019,2019-04-24,-1.0,2019-05-15,-7.0,2019-05-21,,114.0,135.0,141.0
흑산도,2020,2020-05-06,11.0,2020-05-31,9.0,2020-06-05,,127.0,152.0,157.0
흑산도,2021,2021-05-06,11.0,2021-05-13,-9.0,2021-05-25,,126.0,133.0,145.0
흑산도,2022,2022-05-10,15.0,2022-05-17,-5.0,2022-05-25,,130.0,137.0,145.0
흑산도,2023,2023-05-13,18.0,2023-05-24,2.0,2023-05-31,,133.0,144.0,151.0
흑산도,2024,2024-05-01,6.0,2024-05-12,-10.0,2024-05-17,,122.0,133.0,138.0
흑산도,2025,2025-04-22,-3.0,2025-05-22,0.0,2025-06-09,,112.0,142.0,160.0
전주,2016,2016-04-17,1.0,2016-04-29,-7.0,2016-05-07,-7.0,108.0,120.0,128.0
전주,2017,2017-04-21,5.0,2017-04-30,-6.0,2017-05-08,-6.0,111.0,120.0,128.0
전주,2018,2018-04-15,-1.0,2018-04-26,-10.0,2018-05-05,-9.0,105.0,116.0,125.0
전주,2019,2019-04-17,1.0,2019-05-08,2.0,2019-05-14,0.0,107.0,128.0,134.0
전주,2020,2020-04-19,3.0,2020-05-06,0.0,2020-05-18,4.0,110.0,127.0,139.0
전주,2021,2021-04-02,-14.0,2021-04-25,-11.0,2021-04-30,-14.0,92.0,115.0,120.0
전주,2022,2022-04-16,0.0,2022-05-04,-2.0,2022-05-08,-6.0,106.0,124.0,128.0
전주,2023,2023-04-13,-3.0,2023-04-28,-8.0,2023-05-03,-11.0,103.0,118.0,123.0
전주,2024,2024-04-08,-8.0,2024-04-28,-8.0,2024-05-03,-11.0,99.0,119.0,124.0
전주,2025,2025-04-16,0.0,2025-04-30,-6.0,2025-05-07,-7.0,106.0,120.0,127.0
서귀포,2021,2021-04-02,-1.0,2021-04-17,-17.0,2021-04-22,,92.0,107.0,112.0
서귀포,2022,2022-04-06,3.0,2022-04-24,-10.0,2022-04-27,,96.0,114.0,117.0
서귀포,2023,2023-04-13,10.0,2023-04-19,-15.0,2023-04-26,,103.0,109.0,116.0
서귀포,2025,2025-05-03,30.0,2025-05-07,3.0,2025-05-12,,123.0,127.0,132.0
제주,2016,2016-04-22,9.0,2016-04-30,-3.0,2016-05-04,,113.0,121.0,125.0
제주,2017,2017-04-13,0.0,2017-05-02,-1.0,2017-05-10,,103.0,122.0,130.0
제주,2018,2018-04-16,3.0,2018-04-21,-12.0,2018-04-26,,106.0,111.0,116.0
제주,2019,2019-04-26,13.0,2019-04-30,-3.0,2019-05-04,,116.0,120.0,124.0
제주,2020,2020-04-07,-6.0,2020-04-25,-8.0,2020-05-01,,98.0,116.0,122.0
제주,2021,2021-03-31,-13.0,2021-04-15,-18.0,2021-04-20,,90.0,105.0,110.0
제주,2022,2022-03-31,-13.0,2022-04-25,-8.0,2022-04-28,,90.0,115.0,118.0
제주,2023,2023-04-19,6.0,2023-04-21,-12.0,2023-04-29,,109.0,111.0,119.0
제주,2024,2024-04-17,4.0,2024-04-20,-13.0,2024-04-25,,108.0,111.0,116.0
제주,2025,2025-04-19,6.0,2025-04-23,-10.0,2025-04-25,,109.0,113.0,115.0
서산,2016,2016-04-18,-3.0,2016-05-06,-10.0,2016-05-11,,109.0,127.0,132.0
서산,2017,2017-04-19,-2.0,2017-05-07,-9.0,2017-05-12,,109.0,127.0,132.0
홍성,2018,2018-04-15,,2018-05-08,,2018-05-12,,105.0,128.0,132.0
홍성,2019,2019-04-22,,2019-05-13,,2019-05-17,,112.0,133.0,137.0
홍성,2020,2020-04-16,,2020-05-11,,2020-05-14,,107.0,132.0,135.0
홍성,2021,2021-04-14,,2021-05-11,,2021-05-14,,104.0,131.0,134.0
홍성,2022,2022-04-19,,2022-05-10,,2022-05-13,,109.0,130.0,133.0
홍성,2023,2023-04-19,,2023-05-04,,2023-05-09,,109.0,124.0,129.0
홍성,2024,2024-04-12,,2024-05-07,,2024-05-10,,103.0,128.0,131.0
홍성,2025,2025-04-13,,2025-05-09,,2025-05-15,,103.0,129.0,135.0
청주,2016,2016-04-18,0.0,2016-05-01,-8.0,2016-05-05,-8.0,109.0,122.0,126.0
청주,2017,2017-04-11,-7.0,2017-05-03,-6.0,2017-05-09,-4.0,101.0,123.0,129.0
청주,2018,2018-04-06,-12.0,2018-05-02,-7.0,2018-05-07,-6.0,96.0,122.0,127.0
청주,2019,2019-04-18,0.0,2019-05-11,2.0,2019-05-16,3.0,108.0,131.0,136.0
청주,2020,2020-04-14,-4.0,2020-05-07,-2.0,2020-05-11,-2.0,105.0,128.0,132.0
청주,2021,2021-04-09,-9.0,2021-04-28,-11.0,2021-05-03,-10.0,99.0,118.0,123.0
청주,2022,2022-04-14,-4.0,2022-04-29,-10.0,2022-05-04,-9.0,104.0,119.0,124.0
청주,2023,2023-04-20,2.0,2023-04-24,-15.0,2023-04-30,-13.0,110.0,114.0,120.0
청주,2024,2024-04-12,-6.0,2024-04-28,-11.0,2024-05-03,-10.0,103.0,119.0,124.0
청주,2025,2025-04-16,-2.0,2025-04-28,-11.0,2025-05-07,-6.0,106.0,118.0,127.0
